Workbook

Sheet PNL
D1: Remaining | E1: Tiktok | F1: Facebook
A2: Balance | B2: =D2/'Client Details'!H1 -> 0.034333333 | C2: Balance BDT | D2: =sum(E4:E1001) -> 5.15 | E2: =D2/'Client Details'!F1 -> 0.034333333 | F2: =D2/'Client Details'!D1 -> 0.034333333
A3: Date | B3: Received | C3: Burnt US | D3: Platform | E3: Remaining | F3: Burnt | G3: Payment Note
A4: 46089 | B4: ৳100.00 | D4: Facebook | G4: 08/03/26/cli-1439/lst-bkash/pay-100
A5: 45990 | B5: 100 | C5: 0.55 | D5: Facebook | E5: =B5-F5 -> 20.25 | F5: =IF(ISBLANK(D5) ,0,IF(D5="Tiktok",C5*155,C5*145)) -> 79.75 | G5: ADJ
A6: 45991 | B6: 1500 | C6: 0.2 | D6: Facebook | E6: =B6-F6 -> 1471 | F6: =IF(ISBLANK(D6) ,0,IF(D6="Tiktok",C6*155,C6*145)) -> 29 | G6: 1/12/25/cli-1439/lst-bank/pay-1500
A7: 45992 | C7: 4.58 | D7: Facebook | E7: =B7-F7 -> -664.1 | F7: =IF(ISBLANK(D7) ,0,IF(D7="Tiktok",C7*155,C7*145)) -> 664.1
A8: 45993 | C8: 4.78 | D8: Facebook | E8: =B8-F8 -> -693.1 | F8: =IF(ISBLANK(D8) ,0,IF(D8="Tiktok",C8*155,C8*145)) -> 693.1
A9: 45994 | B9: 2000 | C9: 10.56 | D9: Facebook | E9: =B9-F9 -> 468.8 | F9: =IF(ISBLANK(D9) ,0,IF(D9="Tiktok",C9*155,C9*145)) -> 1531.2 | G9: 03/12/25/cli-1439/lst-bank/pay-2000
A10: 45995 | C10: 8.73 | D10: Facebook | E10: =B10-F10 -> -1265.85 | F10: =IF(ISBLANK(D10) ,0,IF(D10="Tiktok",C10*155,C10*145)) -> 1265.85
A11: 45996 | C11: 6.74 | D11: Facebook | E11: =B11-F11 -> -977.3 | F11: =IF(ISBLANK(D11) ,0,IF(D11="Tiktok",C11*155,C11*145)) -> 977.3
A12: 45997 | B12: 2500 | C12: 1 | D12: Facebook | E12: =B12-F12 -> 2355 | F12: =IF(ISBLANK(D12) ,0,IF(D12="Tiktok",C12*155,C12*145)) -> 145 | G12: 06/12/25/cli-1439/lst-bank/pay-2500
A13: 45998 | C13: 0 | D13: Facebook | E13: =B13-F13 -> 0 | F13: =IF(ISBLANK(D13) ,0,IF(D13="Tiktok",C13*155,C13*145)) -> 0
A14: 45999 | C14: 3 | D14: Facebook | E14: =B14-F14 -> -435 | F14: =IF(ISBLANK(D14) ,0,IF(D14="Tiktok",C14*155,C14*145)) -> 435
A15: 46000 | B15: 2500 | C15: 4.91 | D15: Facebook | E15: =B15-F15 -> 1788.05 | F15: =IF(ISBLANK(D15) ,0,IF(D15="Tiktok",C15*155,C15*145)) -> 711.95 | G15: 09/12/25/cli-1439/lst-bank/pay-2500
A16: 46001 | C16: 7.67 | D16: Facebook | E16: =B16-F16 -> -1112.15 | F16: =IF(ISBLANK(D16) ,0,IF(D16="Tiktok",C16*155,C16*145)) -> 1112.15
A17: 46002 | C17: 6.44 | D17: Facebook | E17: =B17-F17 -> -933.8 | F17: =IF(ISBLANK(D17) ,0,IF(D17="Tiktok",C17*155,C17*145)) -> 933.8
D18: Facebook | E18: =B18-F18 -> 0 | F18: =IF(ISBLANK(D18) ,0,IF(D18="Tiktok",C18*155,C18*145)) -> 0
D19: Facebook | E19: =B19-F19 -> 0 | F19: =IF(ISBLANK(D19) ,0,IF(D19="Tiktok",C19*155,C19*145)) -> 0
D20: Facebook | E20: =B20-F20 -> 0 | F20: =IF(ISBLANK(D20) ,0,IF(D20="Tiktok",C20*155,C20*145)) -> 0
A21: 46010 | B21: 1500 | C21: 1.66 | D21: Facebook | E21: =B21-F21 -> 1259.3 | F21: =IF(ISBLANK(D21) ,0,IF(D21="Tiktok",C21*155,C21*145)) -> 240.7 | G21: 19/12/25/cl-1439/lst-bank/pay-1500
A22: 46011 | C22: 4.98 | D22: Facebook | E22: =B22-F22 -> -722.1 | F22: =IF(ISBLANK(D22) ,0,IF(D22="Tiktok",C22*155,C22*145)) -> 722.1
A23: 46012 | C23: 4.82 | D23: Facebook | E23: =B23-F23 -> -698.9 | F23: =IF(ISBLANK(D23) ,0,IF(D23="Tiktok",C23*155,C23*145)) -> 698.9
A24: 46013 | B24: 1000 | C24: 5.51 | D24: Facebook | E24: =B24-F24 -> 201.05 | F24: =IF(ISBLANK(D24) ,0,IF(D24="Tiktok",C24*155,C24*145)) -> 798.95 | G24: 22/12/25/cli-1439/lst-bank/pay-1000
A25: 46014 | C25: 7.38 | D25: Facebook | E25: =B25-F25 -> -1070.1 | F25: =IF(ISBLANK(D25) ,0,IF(D25="Tiktok",C25*155,C25*145)) -> 1070.1
A26: 46015 | C26: 0.46 | D26: Facebook | E26: =B26-F26 -> -66.7 | F26: =IF(ISBLANK(D26) ,0,IF(D26="Tiktok",C26*155,C26*145)) -> 66.7
D27: Facebook | E27: =B27-F27 -> 0 | F27: =IF(ISBLANK(D27) ,0,IF(D27="Tiktok",C27*155,C27*145)) -> 0
D28: Facebook | E28: =B28-F28 -> 0 | F28: =IF(ISBLANK(D28) ,0,IF(D28="Tiktok",C28*155,C28*145)) -> 0
A29: 46021 | B29: 1100 | D29: Facebook | E29: =B29-F29 -> 1100 | F29: =IF(ISBLANK(D29) ,0,IF(D29="Tiktok",C29*155,C29*145)) -> 0 | G29: 30/12/25/cli-1439/lst-bank/pay-1100
D30: Facebook | E30: =B30-F30 -> 0 | F30: =IF(ISBLANK(D30) ,0,IF(D30="Tiktok",C30*155,C30*145)) -> 0
D31: Facebook | E31: =B31-F31 -> 0 | F31: =IF(ISBLANK(D31) ,0,IF(D31="Tiktok",C31*155,C31*145)) -> 0
D32: Facebook | E32: =B32-F32 -> 0 | F32: =IF(ISBLANK(D32) ,0,IF(D32="Tiktok",C32*155,C32*145)) -> 0
A33: 46026 | B33: 1500 | D33: Facebook | E33: =B33-F33 -> 1500 | F33: =IF(ISBLANK(D33) ,0,IF(D33="Tiktok",C33*155,C33*145)) -> 0 | G33: 05/01/26/cli-1439/lst-bank/pay-1500
A34: 46027 | C34: 0.07 | D34: Facebook | E34: =B34-F34 -> -10.15 | F34: =IF(ISBLANK(D34) ,0,IF(D34="Tiktok",C34*155,C34*145)) -> 10.15
A35: 46028 | C35: 0.33 | D35: Facebook | E35: =B35-F35 -> -47.85 | F35: =IF(ISBLANK(D35) ,0,IF(D35="Tiktok",C35*155,C35*145)) -> 47.85
A36: 46029 | C36: 0.97 | D36: Facebook | E36: =B36-F36 -> -140.65 | F36: =IF(ISBLANK(D36) ,0,IF(D36="Tiktok",C36*155,C36*145)) -> 140.65
A37: 46030 | C37: 0.08 | D37: Facebook | E37: =B37-F37 -> -11.6 | F37: =IF(ISBLANK(D37) ,0,IF(D37="Tiktok",C37*155,C37*145)) -> 11.6
D38: Facebook | E38: =B38-F38 -> 0 | F38: =IF(ISBLANK(D38) ,0,IF(D38="Tiktok",C38*155,C38*145)) -> 0
D39: Facebook | E39: =B39-F39 -> 0 | F39: =IF(ISBLANK(D39) ,0,IF(D39="Tiktok",C39*155,C39*145)) -> 0
D40: Facebook | E40: =B40-F40 -> 0 | F40: =IF(ISBLANK(D40) ,0,IF(D40="Tiktok",C40*155,C40*145)) -> 0
A41: 46050 | C41: 2.96 | D41: Facebook | E41: =B41-F41 -> -429.2 | F41: =IF(ISBLANK(D41) ,0,IF(D41="Tiktok",C41*155,C41*145)) -> 429.2
A42: 46051 | C42: 2.65 | D42: Facebook | E42: =B42-F42 -> -384.25 | F42: =IF(ISBLANK(D42) ,0,IF(D42="Tiktok",C42*155,C42*145)) -> 384.25
A43: 46052 | C43: 4.81 | D43: Facebook | E43: =B43-F43 -> -697.45 | F43: =IF(ISBLANK(D43) ,0,IF(D43="Tiktok",C43*155,C43*145)) -> 697.45
A44: 46053 | B44: 1500 | C44: 1.75 | D44: Facebook | E44: =B44-F44 -> 1246.25 | F44: =IF(ISBLANK(D44) ,0,IF(D44="Tiktok",C44*155,C44*145)) -> 253.75 | G44: 31/01/26/cli-1439/lst-bank/pay-1500
A45: 46054 | C45: 6.56 | D45: Facebook | E45: =B45-F45 -> -951.2 | F45: =IF(ISBLANK(D45) ,0,IF(D45="Tiktok",C45*155,C45*145)) -> 951.2
A46: 46055 | B46: 1000 | C46: 3.96 | D46: Facebook | E46: =B46-F46 -> 425.8 | F46: =IF(ISBLANK(D46) ,0,IF(D46="Tiktok",C46*155,C46*145)) -> 574.2 | G46: 02/02/26/cli-1439/lst-bank/pay-1000
A47: 46056 | C47: 1.91 | D47: Facebook | E47: =B47-F47 -> -276.95 | F47: =IF(ISBLANK(D47) ,0,IF(D47="Tiktok",C47*155,C47*145)) -> 276.95
A48: 46057 | B48: 500 | D48: Facebook | E48: =B48-F48 -> 500 | F48: =IF(ISBLANK(D48) ,0,IF(D48="Tiktok",C48*155,C48*145)) -> 0 | G48: 04/02/26/cli-1439/lst-bank/pay-500
A50: 46061 | C50: 0.84 | D50: Facebook | E50: =B50-F50 -> -121.8 | F50: =IF(ISBLANK(D50) ,0,IF(D50="Tiktok",C50*155,C50*145)) -> 121.8
A51: 46062 | C51: 0.61 | D51: Facebook | E51: =B51-F51 -> -88.45 | F51: =IF(ISBLANK(D51) ,0,IF(D51="Tiktok",C51*155,C51*145)) -> 88.45
A52: 46063 | C52: 0.28 | D52: Facebook | E52: =B52-F52 -> -40.6 | F52: =IF(ISBLANK(D52) ,0,IF(D52="Tiktok",C52*155,C52*145)) -> 40.6
A53: 46064 | C53: 0.94 | D53: Facebook | E53: =B53-F53 -> -136.3 | F53: =IF(ISBLANK(D53) ,0,IF(D53="Tiktok",C53*155,C53*145)) -> 136.3
A54: 46065 | C54: 0.64 | D54: Facebook | E54: =B54-F54 -> -92.8 | F54: =IF(ISBLANK(D54) ,0,IF(D54="Tiktok",C54*155,C54*145)) -> 92.8
D55: Facebook | E55: =B55-F55 -> 0 | F55: =IF(ISBLANK(D55) ,0,IF(D55="Tiktok",C55*155,C55*145)) -> 0
D56: Facebook | E56: =B56-F56 -> 0 | F56: =IF(ISBLANK(D56) ,0,IF(D56="Tiktok",C56*155,C56*145)) -> 0
D57: Facebook | E57: =B57-F57 -> 0 | F57: =IF(ISBLANK(D57) ,0,IF(D57="Tiktok",C57*155,C57*145)) -> 0
D58: Facebook | E58: =B58-F58 -> 0 | F58: =IF(ISBLANK(D58) ,0,IF(D58="Tiktok",C58*155,C58*145)) -> 0
A59: 46076 | B59: 1500 | C59: 1.61 | D59: Facebook | E59: =B59-F59 -> 1266.55 | F59: =IF(ISBLANK(D59) ,0,IF(D59="Tiktok",C59*155,C59*145)) -> 233.45 | G59: 23/02/26/cli-1439/lst-bank/pay-1500
A60: 46077 | C60: 1.79 | D60: Facebook | E60: =B60-F60 -> -259.55 | F60: =IF(ISBLANK(D60) ,0,IF(D60="Tiktok",C60*155,C60*145)) -> 259.55
A61: 46078 | C61: 1.22 | D61: Facebook | E61: =B61-F61 -> -176.9 | F61: =IF(ISBLANK(D61) ,0,IF(D61="Tiktok",C61*155,C61*145)) -> 176.9
A62: 46079 | C62: 1.48 | D62: Facebook | E62: =B62-F62 -> -214.6 | F62: =IF(ISBLANK(D62) ,0,IF(D62="Tiktok",C62*155,C62*145)) -> 214.6
A63: 46080 | C63: 0.87 | D63: Facebook | E63: =B63-F63 -> -126.15 | F63: =IF(ISBLANK(D63) ,0,IF(D63="Tiktok",C63*155,C63*145)) -> 126.15
A64: 46081 | C64: 0.42 | D64: Facebook | E64: =B64-F64 -> -60.9 | F64: =IF(ISBLANK(D64) ,0,IF(D64="Tiktok",C64*155,C64*145)) -> 60.9
A65: 46082 | C65: 3.79 | D65: Facebook | E65: =B65-F65 -> -549.55 | F65: =IF(ISBLANK(D65) ,0,IF(D65="Tiktok",C65*155,C65*145)) -> 549.55
A66: 46083 | C66: 4.42 | D66: Facebook | E66: =B66-F66 -> -640.9 | F66: =IF(ISBLANK(D66) ,0,IF(D66="Tiktok",C66*155,C66*145)) -> 640.9
D67: Facebook | E67: =B67-F67 -> 0 | F67: =IF(ISBLANK(D67) ,0,IF(D67="Tiktok",C67*155,C67*145)) -> 0
D68: Facebook | E68: =B68-F68 -> 0 | F68: =IF(ISBLANK(D68) ,0,IF(D68="Tiktok",C68*155,C68*145)) -> 0
A69: 46088 | B69: 500 | D69: Facebook | E69: =B69-F69 -> 500 | F69: =IF(ISBLANK(D69) ,0,IF(D69="Tiktok",C69*155,C69*145)) -> 0 | G69: 07/03/26/cli-1439/lst-brac/pay-500
D70: Facebook | E70: =B70-F70 -> 0 | F70: =IF(ISBLANK(D70) ,0,IF(D70="Tiktok",C70*155,C70*145)) -> 0
D71: Facebook | E71: =B71-F71 -> 0 | F71: =IF(ISBLANK(D71) ,0,IF(D71="Tiktok",C71*155,C71*145)) -> 0
D72: Facebook | E72: =B72-F72 -> 0 | F72: =IF(ISBLANK(D72) ,0,IF(D72="Tiktok",C72*155,C72*145)) -> 0
D73: Facebook | E73: =B73-F73 -> 0 | F73: =IF(ISBLANK(D73) ,0,IF(D73="Tiktok",C73*155,C73*145)) -> 0
D74: Facebook | E74: =B74-F74 -> 0 | F74: =IF(ISBLANK(D74) ,0,IF(D74="Tiktok",C74*155,C74*145)) -> 0
D75: Facebook | E75: =B75-F75 -> 0 | F75: =IF(ISBLANK(D75) ,0,IF(D75="Tiktok",C75*155,C75*145)) -> 0
D76: Facebook | E76: =B76-F76 -> 0 | F76: =IF(ISBLANK(D76) ,0,IF(D76="Tiktok",C76*155,C76*145)) -> 0
D77: Facebook | E77: =B77-F77 -> 0 | F77: =IF(ISBLANK(D77) ,0,IF(D77="Tiktok",C77*155,C77*145)) -> 0
D78: Facebook | E78: =B78-F78 -> 0 | F78: =IF(ISBLANK(D78) ,0,IF(D78="Tiktok",C78*155,C78*145)) -> 0
D79: Facebook | E79: =B79-F79 -> 0 | F79: =IF(ISBLANK(D79) ,0,IF(D79="Tiktok",C79*155,C79*145)) -> 0
D80: Facebook | E80: =B80-F80 -> 0 | F80: =IF(ISBLANK(D80) ,0,IF(D80="Tiktok",C80*155,C80*145)) -> 0
D81: Facebook | E81: =B81-F81 -> 0 | F81: =IF(ISBLANK(D81) ,0,IF(D81="Tiktok",C80*155,C80*145)) -> 0
D82: Facebook | E82: =B82-F82 -> 0 | F82: =IF(ISBLANK(D82) ,0,IF(D82="Tiktok",C82*155,C82*145)) -> 0
D83: Facebook | E83: =B83-F83 -> 0 | F83: =IF(ISBLANK(D83) ,0,IF(D83="Tiktok",C83*155,C83*145)) -> 0
D84: Facebook | E84: =B84-F84 -> 0 | F84: =IF(ISBLANK(D84) ,0,IF(D84="Tiktok",C84*155,C84*145)) -> 0
D85: Facebook | E85: =B85-F85 -> 0 | F85: =IF(ISBLANK(D85) ,0,IF(D85="Tiktok",C85*155,C85*145)) -> 0
D86: Facebook | E86: =B86-F86 -> 0 | F86: =IF(ISBLANK(D86) ,0,IF(D86="Tiktok",C86*155,C86*145)) -> 0
D87: Facebook | E87: =B87-F87 -> 0 | F87: =IF(ISBLANK(D87) ,0,IF(D87="Tiktok",C86*155,C86*145)) -> 0
D88: Facebook | E88: =B88-F88 -> 0 | F88: =IF(ISBLANK(D88) ,0,IF(D88="Tiktok",C88*155,C88*145)) -> 0
D89: Facebook | E89: =B89-F89 -> 0 | F89: =IF(ISBLANK(D89) ,0,IF(D89="Tiktok",C89*155,C89*145)) -> 0
D90: Facebook | E90: =B90-F90 -> 0 | F90: =IF(ISBLANK(D90) ,0,IF(D90="Tiktok",C90*155,C90*145)) -> 0
D91: Facebook | E91: =B91-F91 -> 0 | F91: =IF(ISBLANK(D91) ,0,IF(D91="Tiktok",C91*155,C91*145)) -> 0
D92: Facebook | E92: =B92-F92 -> 0 | F92: =IF(ISBLANK(D92) ,0,IF(D92="Tiktok",C92*155,C92*145)) -> 0
D93: Facebook | E93: =IF(ISBLANK(C93) ,0,IF(C93="Tiktok",B93*155,B93*145)) -> 0 | F93: =IF(ISBLANK(D93) ,0,IF(D93="Tiktok",C92*155,C92*145)) -> 0
D94: Facebook | E94: =IF(ISBLANK(C94) ,0,IF(C94="Tiktok",B94*155,B94*145)) -> 0 | F94: =IF(ISBLANK(D94) ,0,IF(D94="Tiktok",C94*155,C94*145)) -> 0
D95: Facebook | E95: =IF(ISBLANK(C95) ,0,IF(C95="Tiktok",B95*155,B95*145)) -> 0 | F95: =IF(ISBLANK(D95) ,0,IF(D95="Tiktok",C95*155,C95*145)) -> 0
D96: Facebook | E96: =IF(ISBLANK(C96) ,0,IF(C96="Tiktok",B96*155,B96*145)) -> 0 | F96: =IF(ISBLANK(D96) ,0,IF(D96="Tiktok",C96*155,C96*145)) -> 0
D97: Facebook | E97: =IF(ISBLANK(C97) ,0,IF(C97="Tiktok",B97*155,B97*145)) -> 0 | F97: =IF(ISBLANK(D97) ,0,IF(D97="Tiktok",C97*155,C97*145)) -> 0
D98: Facebook | E98: =IF(ISBLANK(C98) ,0,IF(C98="Tiktok",B98*155,B98*145)) -> 0 | F98: =IF(ISBLANK(D98) ,0,IF(D98="Tiktok",C98*155,C98*145)) -> 0
D99: Facebook | E99: =IF(ISBLANK(C99) ,0,IF(C99="Tiktok",B99*155,B99*145)) -> 0 | F99: =IF(ISBLANK(D99) ,0,IF(D99="Tiktok",C99*155,C99*145)) -> 0
D100: Facebook | E100: =IF(ISBLANK(C100) ,0,IF(C100="Tiktok",B100*155,B100*145)) -> 0 | F100: =IF(ISBLANK(D100) ,0,IF(D100="Tiktok",C100*155,C100*145)) -> 0
D101: Facebook | E101: =IF(ISBLANK(C101) ,0,IF(C101="Tiktok",B101*155,B101*145)) -> 0 | F101: =IF(ISBLANK(D101) ,0,IF(D101="Tiktok",C101*155,C101*145)) -> 0
...

Sheet Campaign Management
A1: Total Budget | B1: =SUM(H5:H40) -> 0 | C1: Total Camp Due | D1: =B2-B1 -> 5.15 | F1: Tiktok Budget | G1: FB Budget | H1: Tiktok Due | I1: FB Due
A2: Total Paid | B2: =SUM(PNL!E4:E1000) -> 5.15 | C2: Daily Due | D2: =SUMIF(I5:I1000, "<>Completed", G5:G1000) -> 0 | F2: =SUMIF(B5:B1000, "TikTok", H5:H1000) -> 0 | G2: =SUMIF(B5:B1000, "Facebook", H5:H1000) -> 0 | H2: =SUMIF(B5:B1000, "TikTok", K5:K1000) -> 0 | I2: =SUMIF(B5:B1000, "Facebook", K5:K1000) -> 0
A3: Today | B3: =TODAY() -> 46089
A4: Start | B4: Platform | C4: Ads Account | D4: Camp Code | E4: Budget US | F4: Duration | G4: Daily Due | H4: Budget BD | I4: Status | J4: Executive | K4: Due | L4: End | M4: Remaining
G5: =IFERROR(H5/F5, 0) -> 0 | H5: =IF(ISBLANK(B5) ,0,IF(B5="Tiktok",E5*'Client Details'!$F$1,E5*'Client Details'!$D$1)) -> 0 | I5: =IF(M5<0, "COMPLETED", "") | K5: =IF(M5>0, G5*M5, 0) -> 0 | L5: =IF(A5="", 0, A5+F5) -> 0 | M5: =IF(OR(L5="", L5=0), 0, L5-$B$3) -> 0
G6: =IFERROR(H6/F6, 0) -> 0 | H6: =IF(ISBLANK(B6) ,0,IF(B6="Tiktok",E6*'Client Details'!$F$1,E6*'Client Details'!$D$1)) -> 0 | I6: =IF(M6<0, "COMPLETED", "") | K6: =IF(M6>0, G6*M6, 0) -> 0 | L6: =IF(A6="", 0, A6+F6) -> 0 | M6: =IF(OR(L6="", L6=0), 0, L6-$B$3) -> 0
G7: =IFERROR(H7/F7, 0) -> 0 | H7: =IF(ISBLANK(B7) ,0,IF(B7="Tiktok",E7*'Client Details'!$F$1,E7*'Client Details'!$D$1)) -> 0 | I7: =IF(M7<0, "COMPLETED", "") | K7: =IF(M7>0, G7*M7, 0) -> 0 | L7: =IF(A7="", 0, A7+F7) -> 0 | M7: =IF(OR(L7="", L7=0), 0, L7-$B$3) -> 0
G8: =IFERROR(H8/F8, 0) -> 0 | H8: =IF(ISBLANK(B8) ,0,IF(B8="Tiktok",E8*'Client Details'!$F$1,E8*'Client Details'!$D$1)) -> 0 | I8: =IF(M8<0, "COMPLETED", "") | K8: =IF(M8>0, G8*M8, 0) -> 0 | L8: =IF(A8="", 0, A8+F8) -> 0 | M8: =IF(OR(L8="", L8=0), 0, L8-$B$3) -> 0
G9: =IFERROR(H9/F9, 0) -> 0 | H9: =IF(ISBLANK(B9) ,0,IF(B9="Tiktok",E9*'Client Details'!$F$1,E9*'Client Details'!$D$1)) -> 0 | I9: =IF(M9<0, "COMPLETED", "") | K9: =IF(M9>0, G9*M9, 0) -> 0 | L9: =IF(A9="", 0, A9+F9) -> 0 | M9: =IF(OR(L9="", L9=0), 0, L9-$B$3) -> 0
G10: =IFERROR(H10/F10, 0) -> 0 | H10: =IF(ISBLANK(B10) ,0,IF(B10="Tiktok",E10*'Client Details'!$F$1,E10*'Client Details'!$D$1)) -> 0 | I10: =IF(M10<0, "COMPLETED", "") | K10: =IF(M10>0, G10*M10, 0) -> 0 | L10: =IF(A10="", 0, A10+F10) -> 0 | M10: =IF(OR(L10="", L10=0), 0, L10-$B$3) -> 0
G11: =IFERROR(H11/F11, 0) -> 0 | H11: =IF(ISBLANK(B11) ,0,IF(B11="Tiktok",E11*'Client Details'!$F$1,E11*'Client Details'!$D$1)) -> 0 | I11: =IF(M11<0, "COMPLETED", "") | K11: =IF(M11>0, G11*M11, 0) -> 0 | L11: =IF(A11="", 0, A11+F11) -> 0 | M11: =IF(OR(L11="", L11=0), 0, L11-$B$3) -> 0
G12: =IFERROR(H12/F12, 0) -> 0 | H12: =IF(ISBLANK(B12) ,0,IF(B12="Tiktok",E12*'Client Details'!$F$1,E12*'Client Details'!$D$1)) -> 0 | I12: =IF(M12<0, "COMPLETED", "") | K12: =IF(M12>0, G12*M12, 0) -> 0 | L12: =IF(A12="", 0, A12+F12) -> 0 | M12: =IF(OR(L12="", L12=0), 0, L12-$B$3) -> 0
G13: =IFERROR(H13/F13, 0) -> 0 | H13: =IF(ISBLANK(B13) ,0,IF(B13="Tiktok",E13*'Client Details'!$F$1,E13*'Client Details'!$D$1)) -> 0 | I13: =IF(M13<0, "COMPLETED", "") | K13: =IF(M13>0, G13*M13, 0) -> 0 | L13: =IF(A13="", 0, A13+F13) -> 0 | M13: =IF(OR(L13="", L13=0), 0, L13-$B$3) -> 0
G14: =IFERROR(H14/F14, 0) -> 0 | H14: =IF(ISBLANK(B14) ,0,IF(B14="Tiktok",E14*'Client Details'!$F$1,E14*'Client Details'!$D$1)) -> 0 | I14: =IF(M14<0, "COMPLETED", "") | K14: =IF(M14>0, G14*M14, 0) -> 0 | L14: =IF(A14="", 0, A14+F14) -> 0 | M14: =IF(OR(L14="", L14=0), 0, L14-$B$3) -> 0
G15: =IFERROR(H15/F15, 0) -> 0 | H15: =IF(ISBLANK(B15) ,0,IF(B15="Tiktok",E15*'Client Details'!$F$1,E15*'Client Details'!$D$1)) -> 0 | I15: =IF(M15<0, "COMPLETED", "") | K15: =IF(M15>0, G15*M15, 0) -> 0 | L15: =IF(A15="", 0, A15+F15) -> 0 | M15: =IF(OR(L15="", L15=0), 0, L15-$B$3) -> 0
G16: =IFERROR(H16/F16, 0) -> 0 | H16: =IF(ISBLANK(B16) ,0,IF(B16="Tiktok",E16*'Client Details'!$F$1,E16*'Client Details'!$D$1)) -> 0 | I16: =IF(M16<0, "COMPLETED", "") | K16: =IF(M16>0, G16*M16, 0) -> 0 | L16: =IF(A16="", 0, A16+F16) -> 0 | M16: =IF(OR(L16="", L16=0), 0, L16-$B$3) -> 0
... G33: =IFERROR(H33/F33, 0) -> 0 | H33: =IF(ISBLANK(B33) ,0,IF(B33="Tiktok",E33*'Client Details'!$F$1,E33*'Client Details'!$D$1)) -> 0 | I33: =IF(M33<0, "COMPLETED", "") | K33: =IF(M33>0, G33*M33, 0) -> 0 | L33: =IF(A33="", 0, A33+F33) -> 0 | M33: =IF(OR(L33="", L33=0), 0, L33-$B$3) -> 0
G34: =IFERROR(H34/F34, 0) -> 0 | H34: =IF(ISBLANK(B34) ,0,IF(B34="Tiktok",E34*'Client Details'!$F$1,E34*'Client Details'!$D$1)) -> 0 | K34: =IF(M34>0, G34*M34, 0) -> 0 | L34: =IF(A34="", 0, A34+F34) -> 0 | M34: =IF(OR(L34="", L34=0), 0, L34-$B$3) -> 0
G35: =IFERROR(H35/F35, 0) -> 0 | H35: =IF(ISBLANK(B35) ,0,IF(B35="Tiktok",E35*'Client Details'!$F$1,E35*'Client Details'!$D$1)) -> 0 | K35: =IF(M35>0, G35*M35, 0) -> 0 | L35: =IF(A35="", 0, A35+F35) -> 0 | M35: =IF(OR(L35="", L35=0), 0, L35-$B$3) -> 0
G36: =IFERROR(H36/F36, 0) -> 0 | H36: =IF(ISBLANK(B36) ,0,IF(B36="Tiktok",E36*'Client Details'!$F$1,E36*'Client Details'!$D$1)) -> 0 | K36: =IF(M36>0, G36*M36, 0) -> 0 | L36: =IF(A36="", 0, A36+F36) -> 0 | M36: =IF(OR(L36="", L36=0), 0, L36-$B$3) -> 0
G37: =IFERROR(H37/F37, 0) -> 0 | H37: =IF(ISBLANK(B37) ,0,IF(B37="Tiktok",E37*'Client Details'!$F$1,E37*'Client Details'!$D$1)) -> 0 | K37: =IF(M37>0, G37*M37, 0) -> 0 | L37: =IF(A37="", 0, A37+F37) -> 0 | M37: =IF(OR(L37="", L37=0), 0, L37-$B$3) -> 0
G38: =IFERROR(H38/F38, 0) -> 0 | H38: =IF(ISBLANK(B38) ,0,IF(B38="Tiktok",E38*'Client Details'!$F$1,E38*'Client Details'!$D$1)) -> 0 | K38: =IF(M38>0, G38*M38, 0) -> 0 | L38: =IF(A38="", 0, A38+F38) -> 0 | M38: =IF(OR(L38="", L38=0), 0, L38-$B$3) -> 0
G39: =IFERROR(H39/F39, 0) -> 0 | H39: =IF(ISBLANK(B39) ,0,IF(B39="Tiktok",E39*'Client Details'!$F$1,E39*'Client Details'!$D$1)) -> 0 | K39: =IF(M39>0, G39*M39, 0) -> 0 | L39: =IF(A39="", 0, A39+F39) -> 0 | M39: =IF(OR(L39="", L39=0), 0, L39-$B$3) -> 0
G40: =IFERROR(H40/F40, 0) -> 0 | H40: =IF(ISBLANK(B40) ,0,IF(B40="Tiktok",E40*'Client Details'!$F$1,E40*'Client Details'!$D$1)) -> 0 | K40: =IF(M40>0, G40*M40, 0) -> 0 | L40: =IF(A40="", 0, A40+F40) -> 0 | M40: =IF(OR(L40="", L40=0), 0, L40-$B$3) -> 0
H41: =IF(ISBLANK(B41) ,0,IF(B41="Tiktok",E41*'Client Details'!$F$1,E41*'Client Details'!$D$1)) -> 0
H42: =IF(ISBLANK(B42) ,0,IF(B42="Tiktok",E42*'Client Details'!$F$1,E42*'Client Details'!$D$1)) -> 0
H43: =IF(ISBLANK(B43) ,0,IF(B43="Tiktok",E43*'Client Details'!$F$1,E43*'Client Details'!$D$1)) -> 0
H44: =IF(ISBLANK(B44) ,0,IF(B44="Tiktok",E44*'Client Details'!$F$1,E44*'Client Details'!$D$1)) -> 0
H45: =IF(ISBLANK(B45) ,0,IF(B45="Tiktok",E45*'Client Details'!$F$1,E45*'Client Details'!$D$1)) -> 0
H46: =IF(ISBLANK(B46) ,0,IF(B46="Tiktok",E46*'Client Details'!$F$1,E46*'Client Details'!$D$1)) -> 0
H47: =IF(ISBLANK(B47) ,0,IF(B47="Tiktok",E47*'Client Details'!$F$1,E47*'Client Details'!$D$1)) -> 0
H48: =IF(ISBLANK(B48) ,0,IF(B48="Tiktok",E48*'Client Details'!$F$1,E48*'Client Details'!$D$1)) -> 0
H49: =IF(ISBLANK(B49) ,0,IF(B49="Tiktok",E49*'Client Details'!$F$1,E49*'Client Details'!$D$1)) -> 0
H50: =IF(ISBLANK(B50) ,0,IF(B50="Tiktok",E50*'Client Details'!$F$1,E50*'Client Details'!$D$1)) -> 0
H51: =IF(ISBLANK(B51) ,0,IF(B51="Tiktok",E51*'Client Details'!$F$1,E51*'Client Details'!$D$1)) -> 0
H52: =IF(ISBLANK(B52) ,0,IF(B52="Tiktok",E52*'Client Details'!$F$1,E52*'Client Details'!$D$1)) -> 0
H53: =IF(ISBLANK(B53) ,0,IF(B53="Tiktok",E53*'Client Details'!$F$1,E53*'Client Details'!$D$1)) -> 0

Sheet Client Details
A1: Client Code | B1: Cli 1439 | C1: FB Rate | D1: 150 | E1: Tiktok Rate | F1: 150 | G1: Sum Rate | H1: =(D1+F1)/2 -> 150
A2: Camp Budget | B2: Balance | C2: Camp Due | D2: Daily Due | E2: Tiktok $ | F2: FB $
A3: ='Campaign Management'!B1 -> 0 | B3: =PNL!D2 -> 5.15 | C3: ='Campaign Management'!D1 -> 5.15 | D3: ='Campaign Management'!D2 -> 0 | E3: =PNL!E2 -> 0.034333333 | F3: =PNL!F2 -> 0.034333333

Sheet Monthly Reports
